PractitionerID,FirstName,LastName,Specialty,Phone
PR00001,Sarah,Patterson,Cardiology,(338)368-9063
PR00002,Gabriela,Oconnell,General,+1-225-189-5341x748
PR00003,Andrea,May,Emergency,881-614-9187x82700
PR00004,Brianna,Lara,Oncology,(294)470-4869x3468
PR00005,Benjamin,Kirby,General,(193)215-7927
PR00006,Kimberly,Ortiz,Pediatrics,001-920-325-7759x336
PR00007,Jessica,Smith,General,(307)414-7002
PR00008,Lindsey,Martin,Emergency,149.378.5000x3785
PR00009,James,Phillips,General,913-086-7251x01358
PR00010,Jason,Hutchinson,Oncology,+1-616-571-5429
PR00011,Kelli,Wilson,Oncology,+1-641-002-5260x6276
PR00012,Raymond,Smith,Cardiology,+1-364-852-1442x1814
PR00013,Julia,James,Pediatrics,219.010.5251
PR00014,Ryan,Hale,Oncology,039-988-0886x98733
PR00015,Lisa,Brooks,Cardiology,(910)866-9450
PR00016,Katrina,Alvarado,Pediatrics,629-391-7538x1984
PR00017,Jeremy,Moore,Oncology,686-783-2459x18822
PR00018,Victoria,Summers,Emergency,(303)137-7303
PR00019,Katie,Hurley,Cardiology,+1-255-173-4611x6620
PR00020,Michael,Bryan,Cardiology,+1-443-867-2907x104
PR00021,Carla,Carpenter,Emergency,+1-858-415-6101x7971
PR00022,Jonathan,Peterson,Pediatrics,001-043-515-0067x47417
PR00023,Nicole,Morris,Emergency,001-830-854-0789x871
PR00024,Ashley,Guerra,Emergency,+1-621-895-2623x8700
PR00025,Jillian,Montgomery,Cardiology,+1-923-349-4422x37451
PR00026,Robin,Villanueva,Pediatrics,232.844.0623x449
PR00027,Cheryl,Anderson,General,243-352-7210
PR00028,Tanya,Hanson,Oncology,125-899-5740x69651
PR00029,Michael,Rubio,Cardiology,276-296-9937x439
PR00030,Peter,Cooper,Cardiology,424.526.3825x247
PR00031,Shannon,Mooney,Oncology,217-416-1317x95664
PR00032,Larry,Thompson,Cardiology,851.652.2631x726
PR00033,Charles,Bradley,Emergency,835-288-4771x0689
PR00034,Kiara,Garrett,Oncology,519-024-3475
PR00035,Daniel,Garcia,Emergency,(366)555-6197x17730
PR00036,Sheila,Brown,Emergency,+1-249-955-1559x2827
PR00037,David,Thompson,Pediatrics,+1-114-131-3224x534
PR00038,John,Farrell,Pediatrics,+1-225-197-8431x3695
PR00039,William,Kerr,Emergency,805.457.0144
PR00040,Michael,Wheeler,Cardiology,936-922-7310x6581
PR00041,Alison,Thompson,General,+1-438-965-0246x501
PR00042,Melissa,Cohen,Emergency,299.452.3899
PR00043,David,Austin,Pediatrics,001-623-805-2888x7784
PR00044,Sheila,Compton,Cardiology,904.890.8858x2668
PR00045,Austin,Adams,General,(449)726-2617
PR00046,Glenn,Henderson,Cardiology,001-975-924-6583x463
PR00047,James,Jones,Oncology,6661561292
PR00048,Joseph,Dixon,Pediatrics,001-510-260-3225x5017
PR00049,James,Miller,Oncology,+1-283-726-0893x868
PR00050,Cheryl,Mueller,Oncology,873-024-9975x39150
PR00051,Erika,Schmidt,General,6347972944
PR00052,Valerie,Conrad,Pediatrics,006.897.7616x96310
PR00053,Amy,Montoya,Oncology,001-241-245-3273x9885
PR00054,David,Neal,General,(550)919-9829
PR00055,Keith,Delgado,Cardiology,(458)948-4878
PR00056,Michael,Stephens,Oncology,273.335.5040x10909
PR00057,Barbara,Owens,Pediatrics,(606)582-1073x84845
PR00058,Jeremy,Kline,Cardiology,001-722-526-3950x63119
PR00059,Melissa,Vaughan,Emergency,(732)550-7859x0033
PR00060,Tammy,Payne,General,(055)633-4809
PR00061,Sandra,Pruitt,Pediatrics,2417127101
PR00062,Jennifer,Deleon,Pediatrics,023.237.0799x836
PR00063,Rachel,Smith,Oncology,(127)086-5768
PR00064,Tiffany,Williams,Emergency,001-282-916-6162x98282
PR00065,David,Hudson,Pediatrics,001-578-675-8185x4743
PR00066,Meagan,Simmons,Oncology,285.952.6387x7327
PR00067,Christine,Palmer,General,014-368-8031x2928
PR00068,Caitlin,Giles,Emergency,001-597-678-1408
PR00069,Lucas,Mccoy,Pediatrics,+1-755-987-3900x9395
PR00070,Mary,Craig,Pediatrics,104.116.1701
PR00071,Jonathan,Williams,Pediatrics,263-835-0736x3066
PR00072,Mark,Hernandez,General,378.203.4703x23806
PR00073,Karen,Morris,Cardiology,256.855.6787x44312
PR00074,Megan,Mclean,Pediatrics,408.221.8523x934
PR00075,Debra,Grant,Pediatrics,(954)753-0122x9286
PR00076,Brianna,Marsh,Emergency,(577)252-0356x3760
PR00077,Cindy,Wiggins,Pediatrics,961-542-4264
PR00078,Emily,Johnson,Emergency,407.902.9389
PR00079,Courtney,Kelly,Oncology,+1-304-997-6528x41476
PR00080,Keith,Marshall,General,382-508-5147x58462
PR00081,Victor,Morales,Pediatrics,(772)375-3961x0376
PR00082,Nicholas,Robinson,Emergency,745-716-9481
PR00083,Manuel,Mendez,Cardiology,806.585.2665x883
PR00084,Craig,Cooper,Oncology,001-101-913-6770x340
PR00085,Victor,Atkins,Cardiology,546.004.6345x01594
PR00086,Lance,Wilson,Emergency,736-111-4830x957
PR00087,David,Johnson,General,(655)204-3809x9339
PR00088,Angela,Parker,Emergency,+1-556-058-6934x69665
PR00089,Susan,Reyes,Emergency,+1-683-977-0187x852
PR00090,Jasmine,Hunt,General,(483)337-2812
PR00091,Elizabeth,Hernandez,General,001-360-695-2549x9511
PR00092,Evan,Martin,Cardiology,402-284-3019
PR00093,Victoria,Miller,Pediatrics,001-235-419-5969x4876
PR00094,Joseph,Silva,Cardiology,578.922.6621x6386
PR00095,Sean,Smith,Emergency,001-346-583-9154x331
PR00096,Amy,Carpenter,Cardiology,014.448.8373
PR00097,Michael,Brown,Pediatrics,281-263-2976
PR00098,Danielle,Bailey,General,460.263.4924
PR00099,Logan,Murray,Oncology,416.325.5791
PR00100,Karen,Walters,Oncology,+1-281-375-8941x9830
PR00101,Nancy,Robinson,General,(590)043-3718
PR00102,Jonathan,Jackson,Emergency,339.192.8431x061
PR00103,Annette,Armstrong,Pediatrics,001-273-949-6532x9493
PR00104,Kevin,Pace,General,(212)210-7197
PR00105,Emma,Gibson,Oncology,832-977-6247x370
PR00106,Lauren,Bell,Pediatrics,3954120915
PR00107,Erin,Stanley,Cardiology,933.566.0275
PR00108,Angela,Anderson,General,064-654-1819x29601
PR00109,Melissa,Anderson,Pediatrics,+1-384-328-1071x5420
PR00110,Whitney,Garcia,Oncology,001-302-374-0760x185
PR00111,Elaine,Flores,Pediatrics,990-583-4828
PR00112,Daniel,Spence,General,+1-172-257-1809x45178
PR00113,Travis,Lambert,Pediatrics,390.509.8003
PR00114,Kelly,Cruz,Cardiology,660-783-3586x9860
PR00115,Tyler,Collier,Oncology,091.262.6445
PR00116,Jared,Rasmussen,General,001-839-400-3208
PR00117,Dustin,Hall,General,242-445-5604x6865
PR00118,Nicole,Hurst,Pediatrics,001-192-871-9272
PR00119,Katelyn,Gonzales,Pediatrics,042-444-9051x254
PR00120,Joseph,Hebert,General,(664)893-6452
PR00121,Lisa,Ayala,Emergency,151-974-9397
PR00122,John,Hart,Cardiology,195-657-4360x70673
PR00123,Jennifer,Jacobs,Cardiology,(756)438-9689x4048
PR00124,Michael,Watson,Oncology,001-923-293-0434x39245
PR00125,Troy,Ross,Emergency,5393833047
PR00126,Carla,Frank,Emergency,+1-002-970-7391x6017
PR00127,Ann,Gray,General,(030)733-4479x36815
PR00128,Todd,Gonzales,Pediatrics,1931731441
PR00129,George,Robertson,Oncology,419-375-8280x79122
PR00130,Adam,Allen,Cardiology,(851)769-7413x59395
PR00131,Luke,Cross,Pediatrics,(330)682-6415x77600
PR00132,Jeremy,Jones,Cardiology,4212401802
PR00133,Andrew,Bennett,Emergency,558-429-4051x8230
PR00134,Richard,Adkins,General,001-964-354-4419x200
PR00135,Johnathan,Mullen,Pediatrics,+1-396-134-5746x4769
PR00136,Rachel,Mitchell,Emergency,156-505-0811x488
PR00137,Megan,Morrow,Emergency,032.450.6937x781
PR00138,Glenn,Foley,General,(448)579-6790x98401
PR00139,Kristen,Walsh,Cardiology,955.320.2457
PR00140,Amy,Mcguire,Cardiology,(927)670-2941x131
PR00141,Shannon,Green,Oncology,845.471.3865x90131
PR00142,Melissa,Jackson,Cardiology,(482)319-8502
PR00143,Emma,Campbell,General,(848)246-3619x668
PR00144,Charles,Lyons,Oncology,110.230.1791x882
PR00145,Taylor,Wilson,Emergency,034-335-3582x74277
PR00146,Samantha,Ellis,Cardiology,001-999-468-5317x570
PR00147,Andrew,Watson,Cardiology,(741)004-3400x0638
PR00148,Brent,Chen,Oncology,(972)273-2167x964
PR00149,Sarah,Peterson,Cardiology,+1-265-916-2580
PR00150,Sergio,Kelley,Emergency,+1-261-280-2059x393
PR00151,Jason,Ingram,Cardiology,2431821260
PR00152,Stephanie,Robinson,Pediatrics,464.781.0995x6143
PR00153,Hannah,Harris,Pediatrics,1701170773
PR00154,Yvette,Green,Oncology,001-752-585-7742x03771
PR00155,Daniel,Jensen,Emergency,001-296-972-1167x16494
PR00156,Nancy,Freeman,Pediatrics,620-703-4161
PR00157,James,Romero,General,534.476.3822
PR00158,Terry,Kelley,Cardiology,517-242-8751
PR00159,John,Carlson,Pediatrics,731-852-5874x746
PR00160,Ashley,Wells,Oncology,321-899-7705
PR00161,Erik,Miller,Pediatrics,850-890-2718x14294
PR00162,Mary,Hanson,General,(927)480-0753x47076
PR00163,Christina,Estes,Oncology,4839222910
PR00164,Kaylee,Richards,Oncology,001-820-115-3517x559
PR00165,Ronald,Davis,Oncology,226-684-2931x87212
PR00166,Russell,Gentry,Cardiology,001-676-190-7584x30578
PR00167,Scott,Osborne,General,(614)646-3058
PR00168,Scott,Miller,Oncology,790-668-9375
PR00169,Lisa,Pierce,General,(372)297-1479
PR00170,Tasha,Hill,Cardiology,128.761.0891x19614
PR00171,Patricia,Williams,Pediatrics,(608)476-1017
PR00172,Ethan,Nelson,Cardiology,+1-409-335-8323x70850
PR00173,Margaret,Reid,Pediatrics,(600)515-6729
PR00174,Cesar,Nelson,Oncology,+1-578-951-5597x774
PR00175,Laura,Myers,Cardiology,9218828825
PR00176,Lisa,Wallace,Emergency,560.368.2398x95290
PR00177,Devin,Bishop,Pediatrics,001-314-721-2890
PR00178,Joseph,Perry,Cardiology,546-875-9713
PR00179,Patricia,Nunez,General,(109)395-7533
PR00180,Allen,York,Pediatrics,(304)279-1641
PR00181,Carlos,Love,Emergency,693-859-3573x1322
PR00182,Kimberly,Arellano,Cardiology,+1-136-420-1587x8816
PR00183,Susan,Thomas,Emergency,349.423.3859x537
PR00184,Charles,Hubbard,Pediatrics,980-394-3788x86939
PR00185,Daniel,Greene,General,(752)722-8139
PR00186,Brittney,Byrd,General,9611291953
PR00187,Marvin,Davis,Pediatrics,(914)034-9768x557
PR00188,Randy,Ortiz,Oncology,384.179.2014x3346
PR00189,Michaela,Avila,General,001-770-385-3018x302
PR00190,Michael,Simmons,Emergency,618.069.9002
PR00191,Patricia,Klein,General,(441)625-2073
PR00192,Michael,Frank,Emergency,368.055.1122x032
PR00193,Michele,Lewis,General,(483)301-1844x407
PR00194,Kelly,Williams,Emergency,001-221-047-6959
PR00195,Yesenia,Watson,Emergency,+1-101-734-0793x027
PR00196,Teresa,Armstrong,General,(018)909-2843x094
PR00197,Stephen,Wilson,Emergency,+1-178-751-7039x52375
PR00198,Philip,Anderson,General,172.471.3787x47590
PR00199,Mary,Murillo,Oncology,3063077154
PR00200,Veronica,Tran,Pediatrics,+1-224-014-3218x7224
PR00201,Donald,Guzman,Oncology,(807)971-4290x8654
PR00202,Nancy,Fischer,Oncology,337-456-1950x804
PR00203,Daniel,Johnson,Emergency,989.204.5560x70887
PR00204,Sarah,Sanchez,Emergency,+1-015-708-5076x01823
PR00205,Michael,Ward,Pediatrics,(662)583-6422
PR00206,James,Gibson,Emergency,001-956-689-9772x3965
PR00207,Dustin,Garcia,Cardiology,(846)078-9340x09246
PR00208,Debbie,Chan,Cardiology,+1-809-101-8109x19080
PR00209,Thomas,Guerrero,Pediatrics,(269)914-4108
PR00210,Jeremy,Stanley,Oncology,001-680-079-3742x046
PR00211,Debbie,Humphrey,Pediatrics,001-414-600-7123x94182
PR00212,Gary,Rodriguez,General,(173)119-2324x305
PR00213,Gregory,Skinner,Emergency,(525)704-1895
PR00214,Kimberly,Caldwell,General,001-737-855-3650x909
PR00215,William,White,Emergency,840-356-3841
PR00216,Cameron,Huffman,Cardiology,+1-142-522-3397x332
PR00217,Brian,Rodriguez,General,535-154-2126x77802
PR00218,Peter,Owens,Emergency,002.668.0020
PR00219,Adriana,Bishop,Cardiology,5599015701
PR00220,Ann,Leon,Emergency,162-088-5435x1152
PR00221,Derek,Kidd,Oncology,814-580-6470
PR00222,Linda,Curry,Cardiology,1023668090
PR00223,Elizabeth,Davis,General,001-800-581-9467x2067
PR00224,Shane,Franco,General,001-341-353-6456x4925
PR00225,Michael,Johnson,Pediatrics,001-913-568-4758
PR00226,Alexandria,Reid,Pediatrics,7716047463
PR00227,Sydney,Anderson,Emergency,+1-647-159-3711x881
PR00228,Robin,Coleman,General,885.574.2024
PR00229,Bethany,Johnson,Emergency,274-945-1932
PR00230,Nathan,Kelly,Cardiology,001-800-319-4285x9227
PR00231,Steven,Steele,Oncology,(470)252-1595
PR00232,John,Guzman,Emergency,(858)772-1373x01972
PR00233,Kenneth,Tucker,Cardiology,(887)354-6128
PR00234,Sarah,Patel,General,887-842-4653x46621
PR00235,Wendy,Lewis,Emergency,005-458-0548x0040
PR00236,Richard,Brown,Emergency,503-547-9918x79037
PR00237,Ronald,Rubio,General,459.311.4579x4015
PR00238,Michael,Brock,General,064-559-3346
PR00239,Matthew,Sullivan,Oncology,650.304.5078x1174
PR00240,Jeffrey,Callahan,Pediatrics,853.830.7172
PR00241,April,Fisher,General,877-264-6487x22838
PR00242,Colleen,Middleton,Oncology,(738)302-4709x95827
PR00243,Shawn,Foster,Pediatrics,065.476.9903x63171
PR00244,Austin,Warren,Oncology,635-674-7814x10026
PR00245,Austin,Mullen,Pediatrics,001-829-909-8800x0614
PR00246,Nicholas,Castro,Oncology,127.871.3252
PR00247,Heather,Nguyen,Oncology,(480)534-9343x4018
PR00248,Andrew,Silva,General,731-786-6250
PR00249,Jose,Harris,Cardiology,207.816.2903x4383
PR00250,Maria,Reed,Emergency,146-225-0061x298
PR00251,Candice,Molina,Cardiology,670-553-8614x11530
PR00252,Jacob,Smith,Oncology,380.853.7147x92482
PR00253,Logan,Singh,Cardiology,(852)556-0213x78202
PR00254,Charles,Johnson,General,001-060-925-3870x117
PR00255,Robert,Grant,Pediatrics,(300)006-4302x059
PR00256,Christopher,Durham,Oncology,331.953.7870
PR00257,Crystal,Scott,Oncology,604-744-0773x0321
PR00258,Charles,Lozano,Emergency,685-607-5326
PR00259,Debra,Martin,Pediatrics,703-751-4978x243
PR00260,Ryan,Rhodes,Oncology,+1-849-626-8830
PR00261,Robert,Berry,Cardiology,(919)282-7941
PR00262,Erika,Wood,Emergency,+1-448-660-0257x79996
PR00263,Elizabeth,Greer,General,7878781209
PR00264,Amber,Perkins,General,1076574270
PR00265,Melissa,Newton,Emergency,(298)558-2496x086
PR00266,Anthony,Estes,Oncology,+1-587-756-7024x558
PR00267,Jeffrey,Marquez,Cardiology,001-836-093-3141x8393
PR00268,Briana,Adams,Cardiology,103-226-0807x2048
PR00269,Jesus,Hester,Cardiology,676-440-2679x0680
PR00270,Edward,Castaneda,Pediatrics,(296)816-0487
PR00271,Angela,Hardy,General,510-829-2386
PR00272,Nancy,Mack,Cardiology,870-120-0152x5606
PR00273,Robert,Cantrell,General,5186056984
PR00274,Phillip,Burton,Cardiology,853.099.5235
PR00275,Daniel,Collins,Cardiology,8956135658
PR00276,Stacey,Garcia,Pediatrics,001-231-403-1585x05183
PR00277,Brian,Torres,Cardiology,(948)761-0132x294
PR00278,Michelle,Martin,General,446.719.1164
PR00279,Charles,Nguyen,Cardiology,+1-968-207-4237
PR00280,Tyler,Johnson,Emergency,(954)145-1369x3913
PR00281,Marcus,Smith,Emergency,001-862-432-3249x759
PR00282,Chris,Chavez,Cardiology,001-755-823-3953
PR00283,Vickie,Foley,General,544.893.0611
PR00284,Tracy,Turner,Pediatrics,024.817.1343
PR00285,Alyssa,Sanchez,Oncology,+1-019-273-8705
PR00286,Caitlin,Valdez,General,(612)110-4739x5276
PR00287,Charles,Parker,Oncology,+1-668-316-2420x12462
PR00288,Lisa,Shelton,Pediatrics,9810238730
PR00289,Chad,Landry,Pediatrics,590.518.5725x609
PR00290,Andrew,Ortega,Emergency,001-963-425-7239x982
PR00291,Joanna,Harrington,Pediatrics,303-553-0952x1423
PR00292,Brianna,Hansen,Pediatrics,497-944-1917x6642
PR00293,Timothy,Calhoun,Cardiology,8986616457
PR00294,Amanda,Berry,Emergency,(567)855-5681x88338
PR00295,Julie,Salinas,Emergency,363.549.8879
PR00296,David,Figueroa,Emergency,001-004-485-8984x870
PR00297,Michael,Monroe,Pediatrics,605-350-4343x716
PR00298,Daniel,Garrett,Cardiology,126-891-5290x8663
PR00299,John,Valenzuela,Cardiology,655.181.3594x985
PR00300,Amanda,Krueger,Oncology,815-621-9962x0690
PR00301,Marcus,Carrillo,Cardiology,989.833.0333
PR00302,Arthur,Thompson,Emergency,001-868-363-9372x804
PR00303,Kenneth,Thomas,Pediatrics,694-527-1662x44298
PR00304,Philip,Rogers,Oncology,+1-529-594-2935
PR00305,Debbie,Wong,General,001-646-702-5588x539
PR00306,Jane,Reyes,Oncology,001-258-178-8247x8752
PR00307,John,Garcia,Cardiology,(456)942-4191
PR00308,Jonathan,Frazier,General,883-798-6406x16926
PR00309,Timothy,Taylor,Pediatrics,115.285.7656x45173
PR00310,Sharon,Fowler,Emergency,9643763354
PR00311,Matthew,Williamson,Pediatrics,+1-116-876-4912x3681
PR00312,Alexander,Jennings,General,(483)748-0798x43077
PR00313,Mercedes,Butler,General,3010688597
PR00314,Shannon,West,General,7596296000
PR00315,Christina,Schneider,Cardiology,(562)460-5577x6334
PR00316,Jennifer,Davis,Emergency,7430938346
PR00317,Christian,Mitchell,Oncology,001-910-393-5122x54822
PR00318,Alexander,Mercado,Oncology,672-499-9905
PR00319,Katelyn,Collins,Emergency,837.995.1215
PR00320,Kerri,Johnson,Pediatrics,(509)564-2883x434
PR00321,Isaac,Watson,General,556.422.9048
PR00322,Rachel,Foster,Cardiology,001-538-209-1592
PR00323,Valerie,Long,Cardiology,7317878166
PR00324,Matthew,Hensley,Emergency,317.169.1952
PR00325,Haley,Kerr,Pediatrics,(199)821-7679x6546
PR00326,Courtney,Walker,Emergency,377.869.6394
PR00327,Joseph,Shepherd,Emergency,416-971-8691x532
PR00328,Sarah,Jones,Oncology,(180)897-5614x242
PR00329,James,Miller,Pediatrics,783-689-6612
PR00330,Jeffrey,Pruitt,General,370-926-4757x31403
PR00331,Lisa,Norris,Pediatrics,(372)479-1931x470
PR00332,Franklin,Waters,Emergency,8566160960
PR00333,Michael,Schroeder,Emergency,185-629-1925
PR00334,Joanne,Huff,General,723-474-8294x3971
PR00335,Richard,Thompson,Pediatrics,597.552.2294x35436
PR00336,Shelby,Salazar,General,329.015.2428x91742
PR00337,Mary,Bryant,General,569-641-6466x5384
PR00338,Dustin,Wallace,Pediatrics,001-668-213-0130x4273
PR00339,Bryan,Klein,General,188.183.0101x25482
PR00340,Brian,Richardson,General,642-715-0391
PR00341,Tara,Oneill,Cardiology,+1-400-723-2335x340
PR00342,Jeffery,Harris,Cardiology,012-618-4013x56482
PR00343,Kyle,Simpson,Oncology,001-731-425-4466x1977
PR00344,Michelle,Ali,Oncology,511.696.5617x49739
PR00345,Eric,Ortiz,General,906-408-3036x15878
PR00346,Linda,Browning,Pediatrics,001-349-504-3778
PR00347,Daniel,Haley,Cardiology,(031)575-1300
PR00348,Natasha,Hamilton,Cardiology,(434)329-5465x5563
PR00349,Kimberly,Taylor,Cardiology,894-495-7011x79077
PR00350,Kayla,Morris,Pediatrics,8850153876
PR00351,Jamie,Hicks,Emergency,031.374.8143
PR00352,Lauren,Webster,Oncology,101-603-9807
PR00353,Kimberly,Anderson,Pediatrics,+1-380-760-0728x3803
PR00354,Sherry,Aguilar,Oncology,336-567-0369
PR00355,Bridget,Dickerson,Cardiology,400-949-7823x7178
PR00356,Christopher,Miles,Pediatrics,+1-453-968-6189x29431
PR00357,Allison,Davis,Cardiology,(244)522-9832
PR00358,Brooke,Stuart,Emergency,9079304610
PR00359,Marcus,Hall,Cardiology,+1-241-546-8621x8616
PR00360,Kristina,Randall,General,001-013-922-8366
PR00361,Danny,Watts,Oncology,001-465-989-2933
PR00362,Jon,Guerra,General,+1-965-220-5314
PR00363,Jennifer,Burke,Cardiology,280.567.0621x660
PR00364,Joseph,Kim,Cardiology,+1-635-502-4496x6421
PR00365,Allen,Graves,Oncology,(994)333-0604
PR00366,Kathryn,Byrd,Oncology,(413)496-2256x296
PR00367,Lucas,Adams,General,(349)801-5631
PR00368,Kelsey,Patterson,Emergency,346.429.8492x510
PR00369,Deanna,Haney,Emergency,287.485.2825x3360
PR00370,Katherine,Brock,Cardiology,001-254-132-7383x93812
PR00371,Reginald,Wolfe,Emergency,278.482.7578x65728
PR00372,Jane,Harrison,Cardiology,441.958.9125x151
PR00373,Ruben,Chung,Pediatrics,001-489-561-4764x0970
PR00374,Ryan,Dixon,Oncology,(048)407-8692x106
PR00375,Sabrina,Villegas,General,555-290-7219x422
PR00376,Sean,Smith,Pediatrics,(893)979-4231x83471
PR00377,Justin,Hudson,General,928-094-2331
PR00378,Jennifer,Hart,Pediatrics,956.317.8055x8562
PR00379,Kayla,Rocha,Cardiology,+1-683-639-8428
PR00380,Kenneth,Carrillo,Cardiology,(278)842-3548x9302
PR00381,Larry,Murphy,Emergency,(679)963-3729
PR00382,Renee,Yates,Emergency,980.848.0597x0599
PR00383,Kristen,Smith,Oncology,9946777342
PR00384,Kimberly,Brown,Cardiology,937.852.7755x028
PR00385,Lindsay,Chambers,Emergency,445.481.4916
PR00386,Jessica,Smith,Pediatrics,001-462-650-3716x22012
PR00387,Jeffrey,Hunt,Emergency,+1-276-773-3622x217
PR00388,Ashley,Hood,Cardiology,490.333.2767x7368
PR00389,Michele,Valdez,Emergency,+1-085-502-7837x0693
PR00390,Gabrielle,Morrison,Cardiology,001-810-861-8971x760
PR00391,Shirley,Sanchez,Emergency,825.312.0155
PR00392,Thomas,Sanders,Pediatrics,278.765.3903
PR00393,Lori,Mullins,Cardiology,253.614.4199x80379
PR00394,Jeremiah,Andrews,General,574.724.7103
PR00395,Daniel,Richard,General,715-434-0518x9708
PR00396,Martha,Murray,General,001-780-051-2348x333
PR00397,Kristy,Clayton,Emergency,+1-217-749-2160x491
PR00398,Victoria,Brown,General,001-047-460-7065
PR00399,Lisa,Martin,Emergency,001-241-108-3128x333
PR00400,Marvin,Brown,Oncology,084-898-6888
PR00401,Lisa,Wong,Pediatrics,791-768-7249
PR00402,Ashley,Garcia,Oncology,(140)112-8572
PR00403,Julie,Garcia,Pediatrics,001-327-928-8780x5466
PR00404,Shawn,Ruiz,Pediatrics,001-570-975-7915x041
PR00405,Melissa,Harrison,Pediatrics,001-101-837-5714x6661
PR00406,Beverly,Ward,Cardiology,559.236.3460x819
PR00407,Matthew,Camacho,Oncology,197.657.3935
PR00408,Thomas,Mendoza,Oncology,350.078.6681x681
PR00409,John,Henderson,Oncology,393-628-4409x515
PR00410,Robert,Rodgers,Oncology,+1-475-786-8527
PR00411,Maria,Stanley,Emergency,+1-615-657-4527x563
PR00412,Hannah,Thompson,Pediatrics,040-753-9686x148
PR00413,Kimberly,Arnold,Cardiology,001-735-645-3110
PR00414,Mary,Blair,Emergency,(978)469-6613x139
PR00415,Joseph,Weiss,Pediatrics,+1-128-576-5405
PR00416,Nicholas,Ross,Oncology,001-583-442-8375x80664
PR00417,Harold,Wheeler,Oncology,096.040.1261x818
PR00418,Jermaine,Williams,Emergency,+1-391-139-5673x29896
PR00419,Mary,Sandoval,Cardiology,234-618-4127
PR00420,Andrew,Haynes,Oncology,(063)198-5002x060
PR00421,Courtney,White,Cardiology,6796161227
PR00422,Diana,Santiago,Cardiology,+1-930-105-8021x1827
PR00423,Sherry,Gonzales,Cardiology,(512)802-7551
PR00424,James,Peterson,Emergency,+1-657-887-7298x605
PR00425,Kristopher,Harrell,General,393.308.0042x5642
PR00426,Jaclyn,Davis,Cardiology,220.685.7153x154
PR00427,Martin,Olson,Cardiology,001-278-771-9415x61314
PR00428,Rebekah,Miller,Pediatrics,557-775-4457x92237
PR00429,Daniel,Black,Pediatrics,410.575.9989x472
PR00430,Marie,Lee,Oncology,+1-165-386-7472
PR00431,Lisa,Compton,Pediatrics,+1-777-515-9224x5948
PR00432,Nicholas,Henderson,Pediatrics,(685)227-6103
PR00433,Rhonda,Willis,General,(096)179-6230x6742
PR00434,Raymond,Golden,Pediatrics,+1-368-176-3457x073
PR00435,Richard,White,Emergency,478-153-0602x8118
PR00436,Marcus,Gonzalez,General,043-993-1820
PR00437,Janice,Gibson,Pediatrics,+1-979-735-1308x103
PR00438,Angela,Kim,Pediatrics,(476)471-0331x1709
PR00439,Jaclyn,Farrell,Emergency,(198)967-2584x296
PR00440,Deborah,Rogers,Emergency,477.914.0771x7193
PR00441,Charles,Elliott,Oncology,8249899545
PR00442,Jonathon,Hardy,Cardiology,684.309.8067x49348
PR00443,Peter,Haney,Oncology,(450)069-4643x039
PR00444,Jennifer,Reyes,Oncology,001-427-494-4276x4538
PR00445,Garrett,Terry,Oncology,+1-963-052-5119x7084
PR00446,Christopher,Martin,General,(393)667-7740
PR00447,David,Cox,Cardiology,(707)336-1635
PR00448,Sally,Jacobs,Cardiology,+1-450-648-2638x121
PR00449,Christopher,Clark,Cardiology,(182)696-5771x90235
PR00450,Nicole,Travis,Oncology,+1-964-265-5349x2710
PR00451,Keith,Hicks,Pediatrics,(533)242-9156
PR00452,Shawna,Mcdowell,Emergency,(326)163-0936
PR00453,Misty,Wells,Pediatrics,043-687-8112
PR00454,Alexander,Harris,Cardiology,113-762-8360
PR00455,Ryan,Perry,Cardiology,+1-016-513-1647x27513
PR00456,Angela,Fowler,Emergency,(019)889-4721
PR00457,Tiffany,Calhoun,Cardiology,460-592-4189x3224
PR00458,Phillip,Turner,Oncology,430-770-4444
PR00459,Amanda,Jones,Emergency,(765)507-6671
PR00460,Matthew,Alvarez,Cardiology,001-768-056-5372x109
PR00461,Madison,Leonard,General,+1-385-200-0850x49173
PR00462,Adam,Barr,Emergency,372.453.6197x65523
PR00463,Tammy,Rivera,General,330-581-0156
PR00464,Rebecca,Willis,Cardiology,(073)519-7585
PR00465,David,Herman,Cardiology,+1-781-318-3121x9768
PR00466,Jared,Peterson,General,001-321-652-7216x7434
PR00467,Robert,Hill,Oncology,001-900-842-2528x453
PR00468,Carol,Bishop,General,+1-672-772-4754
PR00469,Evelyn,Murray,Pediatrics,012-981-6808x6444
PR00470,Alexis,Abbott,Cardiology,+1-629-291-9361x19915
PR00471,Carla,Rojas,General,001-133-028-3843x10221
PR00472,David,Luna,Pediatrics,(284)517-0069x6244
PR00473,Amy,Chen,Cardiology,001-023-837-4045x4304
PR00474,Ryan,Harris,Pediatrics,080-989-5389
PR00475,Danielle,Morris,Oncology,+1-959-566-6991
PR00476,Patrick,Cruz,Cardiology,001-368-906-1766x196
PR00477,Joshua,Everett,Cardiology,499.589.8176x10084
PR00478,Barbara,Miller,Cardiology,(149)915-4892x17059
PR00479,Sydney,Scott,Cardiology,(230)882-2947x68371
PR00480,Kevin,Warren,General,+1-184-680-2156x109
PR00481,Robert,Harris,Pediatrics,178.540.4131
PR00482,Derrick,Watson,Cardiology,5480688992
PR00483,Charles,Ponce,General,460.722.0316
PR00484,Keith,Ramirez,General,(356)924-5905x93981
PR00485,Angela,Dunn,General,+1-076-202-0304x7890
PR00486,Michelle,Nelson,General,(751)504-5605x75287
PR00487,Tiffany,Marquez,Cardiology,+1-617-863-8600x38475
PR00488,Gerald,Saunders,Pediatrics,001-751-940-0513
PR00489,Ian,Torres,Cardiology,119.829.0489x5997
PR00490,Michael,Brown,Cardiology,001-842-040-3112x151
PR00491,Jorge,Fernandez,Pediatrics,860-190-0094x0662
PR00492,Bryan,Wheeler,Cardiology,026-502-7369x484
PR00493,Janice,Moran,Cardiology,(972)463-7174
PR00494,Robin,Kramer,Oncology,(603)698-1376
PR00495,Jacob,Wallace,Emergency,406-794-3059x6884
PR00496,Emily,Jones,Cardiology,001-253-865-8509x95503
PR00497,Angela,Le,Emergency,402.974.9144
PR00498,Penny,Torres,Cardiology,875-417-0204x54998
PR00499,Danielle,Martinez,Cardiology,692.922.2067x702
PR00500,Tanya,Gardner,Oncology,+1-465-508-3592x4957
PR00501,Jeffrey,West,Cardiology,+1-058-155-3436
PR00502,Jason,Doyle,Emergency,0440866084
PR00503,Lindsey,Haas,Oncology,360.694.1882x48155
PR00504,Amber,Thompson,Oncology,+1-963-502-3908x758
PR00505,Andrea,Doyle,Oncology,362-582-1081x11210
PR00506,Paul,Yates,Pediatrics,001-622-867-1992x26872
PR00507,Kenneth,Lewis,Cardiology,001-759-557-5713
PR00508,Katelyn,Brown,Emergency,+1-217-482-3056x1884
PR00509,Veronica,Contreras,General,001-946-437-4629x2957
PR00510,Heather,Bender,Cardiology,(811)477-1804
PR00511,Gregory,Wright,Pediatrics,+1-888-845-2759x9805
PR00512,Amy,Roth,General,+1-697-675-9650
PR00513,John,Wagner,Oncology,155.753.6927x49256
PR00514,Taylor,Bowen,Pediatrics,+1-349-319-2508x83929
PR00515,John,Robinson,General,452-264-6668x036
PR00516,Bradley,Jones,Cardiology,+1-681-731-8500x052
PR00517,Caleb,Williamson,General,+1-134-661-1056x849
PR00518,Jessica,Grant,General,(932)004-8395
PR00519,Laura,Howard,Oncology,(983)064-5212x18734
PR00520,Andrew,Miller,Emergency,576-487-7093x4297
PR00521,Debra,Boyd,Oncology,001-408-627-3368
PR00522,Kristy,Perez,General,001-921-841-8944x3852
PR00523,Christian,Crawford,Emergency,+1-724-464-3249x29553
PR00524,Blake,Osborn,Emergency,396.474.5907x432
PR00525,Keith,Crawford,Oncology,473.999.3160x590
PR00526,Ian,Ware,General,943.435.6119
PR00527,Pedro,Jackson,General,(087)029-5704
PR00528,Justin,Pope,General,505.707.3930x13876
PR00529,Jeremy,Blanchard,Oncology,+1-885-319-0425x12452
PR00530,Michael,Sanchez,Pediatrics,(346)666-9962
PR00531,Jeremy,Bowen,Oncology,(948)416-8818x127
PR00532,Lisa,Deleon,Cardiology,+1-755-124-7567
PR00533,Melissa,Rose,Cardiology,257-871-7810x93571
PR00534,Jason,Allison,General,+1-252-179-7315
PR00535,Jessica,Baker,Pediatrics,+1-743-168-1146x64569
PR00536,Sean,Newman,Emergency,7174076126
PR00537,Lawrence,Porter,Oncology,001-876-735-0859x3457
PR00538,Martin,Werner,Pediatrics,+1-374-154-0385x76673
PR00539,Anna,Cook,Cardiology,287-044-1960x4835
PR00540,Bryan,Cooper,General,001-031-102-7223x2103
PR00541,Oscar,Clark,Pediatrics,883.167.3454
PR00542,Andrea,Bowers,Pediatrics,349.859.9889x2741
PR00543,Blake,Cunningham,Cardiology,001-286-484-2400x69034
PR00544,Mark,Esparza,General,+1-009-379-2907x2844
PR00545,Daniel,Fry,Oncology,392-888-7937x3883
PR00546,Isaiah,Walter,Cardiology,001-896-321-6982x9238
PR00547,Kathryn,Perry,Pediatrics,325.363.2983x10465
PR00548,Shaun,Rios,Pediatrics,+1-846-716-1661x887
PR00549,Christopher,Johnson,Oncology,+1-207-538-5897x16978
PR00550,Julia,Ward,Oncology,842.739.4409x402
PR00551,Sean,Hale,Pediatrics,784-777-4858x64322
PR00552,Judy,Smith,Cardiology,001-687-015-1322x9507
PR00553,Bryan,Perez,Pediatrics,190.303.9159x961
PR00554,Valerie,Adams,Emergency,9691208651
PR00555,Mitchell,Monroe,Oncology,001-371-187-3673x643
PR00556,Jody,Morrow,Oncology,(040)941-9310x120
PR00557,Angela,Maxwell,Oncology,479-204-8189x4490
PR00558,Jonathan,Douglas,Oncology,006.067.9246
PR00559,Jamie,Day,Cardiology,(831)716-1619x79616
PR00560,James,James,Cardiology,679.162.7128
PR00561,Adam,Morales,General,(096)965-2045x9555
PR00562,Debra,Hendrix,Emergency,604.496.9650x5541
PR00563,Michelle,Turner,Pediatrics,001-028-738-0919
PR00564,Debra,Oneill,Cardiology,485.829.5662
PR00565,Robin,Reid,General,726.720.3762
PR00566,Russell,Snyder,Cardiology,+1-399-367-5585x7578
PR00567,John,Farrell,Pediatrics,783.761.2916
PR00568,Katie,Price,General,(704)707-1034x7179
PR00569,Gloria,Parsons,Cardiology,001-469-776-4517
PR00570,Jeffrey,Gutierrez,Pediatrics,+1-653-317-6478x1808
PR00571,Patrick,Wilson,General,629-096-9698
PR00572,David,Brown,Emergency,561.711.9213x902
PR00573,Kimberly,Gill,Pediatrics,8271917289
PR00574,Kyle,Thompson,Emergency,001-657-746-7339x1065
PR00575,Theodore,Chang,General,+1-590-091-5981x80426
PR00576,Joseph,Dougherty,Emergency,001-207-064-2042x5447
PR00577,Blake,Mitchell,Cardiology,+1-158-529-3798x5457
PR00578,Laura,Sherman,Cardiology,001-910-569-8373x839
PR00579,Michael,Reyes,Emergency,001-025-279-5895x666
PR00580,Michelle,Cabrera,Oncology,518.978.0912
PR00581,Marissa,Ellis,Cardiology,261-109-2134x354
PR00582,Ronald,Collins,Cardiology,013-222-4633
PR00583,Mckenzie,Hodges,Emergency,(185)975-3645
PR00584,Joseph,Barnett,Pediatrics,001-142-375-5996
PR00585,Joseph,Caldwell,Pediatrics,033-253-9704
PR00586,Eric,Parrish,Pediatrics,(428)882-5698
PR00587,John,Silva,Cardiology,(073)589-0855x46475
PR00588,Gabriela,Wyatt,Cardiology,360-836-4908
PR00589,Calvin,Clark,General,3956943240
PR00590,Susan,Copeland,Oncology,256-592-2262x4409
PR00591,Wesley,Moore,Cardiology,+1-884-005-5324x3602
PR00592,Zachary,Anderson,Pediatrics,3171575520
PR00593,Karina,Hill,Oncology,(055)205-1184
PR00594,Denise,Peterson,Oncology,+1-464-533-1338x945
PR00595,Steven,Fisher,Cardiology,+1-912-793-6018x6566
PR00596,Dwayne,Scott,Oncology,(660)202-3454
PR00597,Jason,Garcia,Emergency,001-102-359-0798x05608
PR00598,Jennifer,Howell,Oncology,001-518-500-0053x228
PR00599,Kimberly,Johnson,Cardiology,001-178-659-5886x15242
PR00600,Bailey,Walter,Pediatrics,046.460.3437x950
PR00601,Tammy,Lopez,Cardiology,340-670-7873
PR00602,Jessica,Nielsen,General,(259)424-6599
PR00603,Vicki,Peterson,Oncology,689.675.8359x2049
PR00604,Brian,Anderson,Cardiology,(003)666-3242x585
PR00605,Jody,Nelson,General,590.094.8372
PR00606,Gregory,Ross,Emergency,296.930.6214x2966
PR00607,Joanne,Hamilton,Pediatrics,(442)731-8586x1800
PR00608,Francisco,Chen,Pediatrics,801-991-8675x28782
PR00609,Belinda,Alvarez,Oncology,971-268-5867
PR00610,Ashley,Fowler,General,204-430-8452x94613
PR00611,Joan,Thomas,General,032-261-9738x7142
PR00612,Bryan,Henderson,Cardiology,001-032-005-1041x053
PR00613,Sarah,Duncan,Oncology,001-974-790-0191
PR00614,Timothy,Alvarez,Pediatrics,7867516246
PR00615,Derrick,Garcia,Emergency,001-339-454-0440x78681
PR00616,Joshua,Bailey,Cardiology,743.380.0100
PR00617,Donald,Montes,General,213-297-9597
PR00618,Ana,Vaughn,Pediatrics,974.930.9476
PR00619,Joseph,Morris,Oncology,552-932-2279x0957
PR00620,Kevin,Pham,General,001-757-363-0474x97418
PR00621,Steven,Campbell,Pediatrics,(210)388-5131x04651
PR00622,Charles,Quinn,Oncology,001-607-420-3094x0766
PR00623,Elizabeth,Solis,General,+1-167-075-9776x4296
PR00624,Sara,Gallagher,General,+1-401-170-1866x88066
PR00625,Andrea,Davis,Oncology,(533)115-6647x5722
PR00626,Elizabeth,Cook,Pediatrics,695-282-3015
PR00627,Corey,Moyer,Oncology,727-398-6485x92820
PR00628,Joshua,Zamora,Oncology,001-055-104-0448x9394
PR00629,Ann,Combs,General,(038)714-9256x8942
PR00630,Sydney,Yu,Pediatrics,340.696.5313x356
PR00631,Gina,Sanchez,Emergency,(613)593-8945
PR00632,Emily,Baker,Pediatrics,446.890.8212x746
PR00633,Tracy,Stevens,Oncology,6765804735
PR00634,Christopher,Townsend,Cardiology,230-415-1822
PR00635,David,Garcia,Oncology,814.678.3952x46336
PR00636,Joseph,White,Pediatrics,608-587-7033
PR00637,Samantha,Little,Emergency,931.653.7945
PR00638,Erica,Gomez,Cardiology,001-472-738-1663x487
PR00639,Gary,Garcia,Oncology,731.279.8954x16982
PR00640,Alexander,Singleton,General,001-710-322-6919x97430
PR00641,Yvonne,Blackburn,Cardiology,(133)348-6138
PR00642,Brian,Johnson,Cardiology,(669)844-7289x7566
PR00643,Jack,Jensen,Emergency,723-312-7478x08046
PR00644,Amanda,Gutierrez,Emergency,(271)878-9545
PR00645,Jason,Lee,General,(123)974-6421
PR00646,Erin,Gordon,Oncology,+1-429-689-8136x6613
PR00647,Heather,Alexander,Oncology,027-711-6443
PR00648,Jessica,Richards,Oncology,708-596-9805
PR00649,Rachel,Hansen,Pediatrics,101-882-2039x74123
PR00650,Wesley,Lopez,General,530.593.0905x97354
PR00651,Vincent,Johnson,Cardiology,399.074.4754x880
PR00652,Adam,Garcia,Pediatrics,359.864.9351
PR00653,Fernando,Brown,Pediatrics,769.447.9179x502
PR00654,Lindsey,Jarvis,Oncology,001-680-677-9065x70666
PR00655,Jenny,Torres,Cardiology,+1-153-879-5550
PR00656,Jennifer,Chapman,Emergency,(866)861-9660x6208
PR00657,Gabriel,Pacheco,Pediatrics,223-919-8347x492
PR00658,Jon,Fischer,Oncology,+1-762-901-4995x954
PR00659,Rachel,Shelton,Oncology,0401875137
PR00660,William,Jones,Cardiology,891.672.1176x07207
PR00661,Jacob,Jones,Cardiology,102.416.3545
PR00662,Thomas,Howard,Cardiology,207.973.7959x9414
PR00663,Joshua,Mckee,General,001-811-252-1652x6525
PR00664,April,Orr,Cardiology,033.108.2828
PR00665,Daniel,Gray,Oncology,+1-965-355-8217x77676
PR00666,Chad,Ortiz,General,(857)203-8044x879
PR00667,Robert,Richards,Pediatrics,+1-887-453-0920x25861
PR00668,Ana,Phillips,Pediatrics,(525)710-1880
PR00669,Christopher,Mcdaniel,Emergency,273.430.5035
PR00670,Brittney,Hampton,Cardiology,001-331-289-7779x52107
PR00671,Oscar,Potter,Pediatrics,001-302-5867x0664
PR00672,Thomas,Crawford,General,354-371-6071x07474
PR00673,Shawn,Flores,General,892-801-3920
PR00674,Kyle,Stanley,Oncology,+1-128-527-4057
PR00675,Heather,Thomas,General,688.502.5137
PR00676,Christopher,Ramirez,General,001-343-786-2502x693
PR00677,Megan,Brooks,Pediatrics,+1-275-586-5988
PR00678,Douglas,Fowler,Pediatrics,213-851-1852
PR00679,Brandon,Anderson,Cardiology,(998)799-8344x4355
PR00680,Francisco,Gibson,Cardiology,(252)807-4482x4805
PR00681,Brian,Hendricks,Pediatrics,+1-154-714-1061x27840
PR00682,Rachael,Patterson,Pediatrics,177-911-5336
PR00683,Grace,Cervantes,Cardiology,582-278-6745
PR00684,John,Gordon,Pediatrics,(335)722-4207
PR00685,Patricia,Soto,Oncology,+1-667-218-3266
PR00686,Alison,Powell,Emergency,9034507085
PR00687,Donna,Clark,Pediatrics,001-525-627-3572x09454
PR00688,Nicholas,Hill,Cardiology,(773)639-8202x4771
PR00689,Amy,Hansen,Emergency,+1-150-320-5248
PR00690,Brent,Gonzales,Cardiology,(298)930-5912x94712
PR00691,Mackenzie,Parks,Cardiology,320.852.5483
PR00692,Sean,Miller,Pediatrics,001-498-258-4476x725
PR00693,Mary,Washington,Emergency,(334)396-5026
PR00694,Jesus,Smith,Cardiology,161-092-8874
PR00695,Jason,Myers,Oncology,+1-236-598-7279x099
PR00696,David,Williams,Emergency,133-157-7883x452
PR00697,Clayton,Ramirez,Cardiology,(495)961-6623
PR00698,Joseph,Tran,Cardiology,441-427-9547x933
PR00699,Victoria,Berry,General,001-446-708-9811
PR00700,Sabrina,Graham,Oncology,001-634-922-3489x948
PR00701,Gregory,Harvey,Emergency,8033792714
PR00702,Jeremy,Gardner,Emergency,+1-334-321-5506x2702
PR00703,Keith,Gutierrez,Oncology,(799)847-6004
PR00704,Joanne,Brown,Cardiology,299.196.6269x4210
PR00705,John,Wheeler,Pediatrics,(964)505-2739x5481
PR00706,Robert,Benson,Cardiology,119.450.2875
PR00707,Danielle,Snyder,General,+1-464-975-9885
PR00708,Michelle,Rodriguez,Pediatrics,001-263-784-3519
PR00709,Kristin,Doyle,Pediatrics,807.486.7913x855
PR00710,Maxwell,Parsons,Pediatrics,6038747524
PR00711,Karen,Richardson,General,946.919.2799x787
PR00712,Kelsey,Ross,Emergency,001-708-144-4292x2344
PR00713,Kyle,Arnold,Cardiology,001-051-718-8032
PR00714,Patrick,Manning,Cardiology,(717)254-3207x4946
PR00715,Theresa,Miller,Cardiology,001-467-861-4512
PR00716,Maria,Bell,Oncology,114.241.2509x146
PR00717,Melissa,Shepard,Cardiology,638-971-9020x1180
PR00718,Teresa,Riley,Cardiology,862.766.8908
PR00719,Wesley,Rose,Oncology,+1-513-381-2473x721
PR00720,Molly,Wallace,Cardiology,451.484.9910
PR00721,Matthew,Garcia,Oncology,585.815.5833
PR00722,Sara,York,Oncology,785-831-0077x239
PR00723,Lauren,Curry,Pediatrics,001-001-981-0306x9091
PR00724,Anthony,Berg,Cardiology,6681229559
PR00725,Robert,Paul,Oncology,+1-534-632-1390x1387
PR00726,Keith,Peterson,Emergency,001-986-887-8039x071
PR00727,Stephanie,Phillips,General,842-174-9164x079
PR00728,Tyler,Odonnell,Oncology,044-538-7099x3124
PR00729,Robert,Ball,Cardiology,+1-648-900-4216x095
PR00730,Brandy,Bryant,Cardiology,526.177.5818x873
PR00731,Christopher,Jones,General,311.348.3147x438
PR00732,Michael,Koch,Oncology,+1-298-152-7729
PR00733,Holly,Arnold,Cardiology,7218920731
PR00734,Lisa,Marquez,Emergency,001-275-629-6742x10027
PR00735,Ann,Smith,Oncology,198-263-1964x95478
PR00736,William,Pace,General,999.458.3389x3958
PR00737,Kevin,Roberson,Oncology,666.583.2949
PR00738,Whitney,Lane,Oncology,(590)765-4383x564
PR00739,Isaac,Roberts,General,229-080-8598x14377
PR00740,Billy,Jones,Pediatrics,182-179-6382x0319
PR00741,Donald,Allen,Cardiology,001-666-322-1182x54442
PR00742,Melissa,Blankenship,Oncology,+1-008-538-5087x689
PR00743,Natasha,Castillo,Oncology,913-378-4516
PR00744,Stacy,Morrison,Cardiology,851-990-5637
PR00745,Melanie,Aguilar,Cardiology,407.218.5288x084
PR00746,Wesley,Wilkerson,General,(045)281-1818x541
PR00747,Tara,Valentine,General,(920)554-1203
PR00748,Meagan,Dunn,Emergency,001-428-965-5162x147
PR00749,Megan,Chambers,Pediatrics,(317)103-1529x09189
PR00750,Brandon,Baker,Emergency,044.094.6710x24898
PR00751,Tanner,Mcintyre,General,(176)057-1973
PR00752,Jonathan,Hicks,General,001-809-631-9249x96769
PR00753,Robert,Craig,Oncology,+1-296-055-3862x181
PR00754,Bryan,Martin,Emergency,736.003.6553x86038
PR00755,Michele,Hamilton,General,001-645-561-4698x952
PR00756,Brandy,Stafford,General,(402)289-2060x98214
PR00757,Tony,Taylor,Oncology,(447)181-3973x21237
PR00758,Michael,Davenport,General,050-584-6679x12892
PR00759,James,Stephenson,Emergency,087-058-9834
PR00760,Ryan,Sanford,Emergency,270-456-4047
PR00761,Jessica,Collins,Cardiology,654-167-0122x29367
PR00762,Tracy,Wagner,Cardiology,001-697-606-9397
PR00763,Tonya,Jones,Pediatrics,631.054.5191x9923
PR00764,Sean,Powell,Pediatrics,821-605-5276x736
PR00765,Daniel,Sanders,Oncology,+1-370-488-1376x71974
PR00766,Tammy,Wilson,Oncology,587-095-6853x497
PR00767,Alexander,Walker,Pediatrics,+1-888-138-9232x4262
PR00768,Andrea,Sloan,Emergency,(966)295-0406x0364
PR00769,Nicolas,Richardson,Emergency,001-215-117-5730x1304
PR00770,Kimberly,Duke,General,506-053-6589
PR00771,Alicia,Mccormick,Cardiology,425.661.1624
PR00772,Erin,Andersen,General,001-476-232-2048
PR00773,Thomas,Estrada,General,370.009.6675x2822
PR00774,Edward,Marshall,Emergency,(959)044-7198
PR00775,Stephen,Cooke,Oncology,(740)748-6812x4425
PR00776,Emily,Vasquez,Cardiology,+1-803-695-9828x442
PR00777,Paul,Sandoval,Pediatrics,576.989.3886x9851
PR00778,Paul,Jones,General,001-178-898-1993x78893
PR00779,Caleb,Martin,Pediatrics,405-052-7063x9805
PR00780,Kaitlin,Leonard,Oncology,001-194-191-3747x21830
PR00781,Tonya,Davis,General,233-240-8388x01662
PR00782,Michael,King,General,044.655.5636
PR00783,Darren,Miller,General,(862)799-6407x9114
PR00784,Kayla,Greer,Cardiology,+1-651-866-3621x4496
PR00785,Sheila,Webb,Emergency,673-871-1185
PR00786,Jennifer,Long,General,(193)870-6305
PR00787,Louis,Smith,General,(797)544-9130x3059
PR00788,Heather,Johnson,Cardiology,+1-214-707-8561
PR00789,Karen,Johnson,Emergency,468.418.5093x435
PR00790,Brandon,Taylor,Pediatrics,(790)019-8145x897
PR00791,Vincent,Smith,Pediatrics,035-868-4413x520
PR00792,Christopher,Flores,General,128.932.4497x420
PR00793,Angela,Long,Pediatrics,001-361-034-7864x2707
PR00794,Julie,Howe,Cardiology,4425830261
PR00795,Ashley,Gillespie,Cardiology,001-876-630-8734
PR00796,Rebecca,Smith,Pediatrics,(370)833-8381x81919
PR00797,Mark,Atkinson,General,(666)503-6655x90646
PR00798,Adam,Wood,Emergency,871-405-1024
PR00799,Kelly,Walton,Oncology,+1-077-974-5403
PR00800,Robert,Sherman,Oncology,1931176589
PR00801,Courtney,Russell,Emergency,+1-831-341-6361x52765
PR00802,Melissa,Woodard,Emergency,(090)360-6843
PR00803,Colin,Reyes,Oncology,5111462888
PR00804,Michael,Rowland,Emergency,(621)700-1399x33207
PR00805,Gloria,Mendoza,Oncology,+1-519-101-3776x732
PR00806,Erika,Schroeder,Cardiology,586.629.0612
PR00807,William,Thomas,Emergency,726.332.4616
PR00808,Randall,Phillips,Emergency,001-861-905-2117
PR00809,Anthony,Miller,General,188-777-0398
PR00810,Michael,Holt,General,+1-265-080-1878
PR00811,Daniel,Greer,Cardiology,2218608493
PR00812,Chris,Rivera,General,341.561.3028x60556
PR00813,William,Harrison,Pediatrics,+1-567-091-6770
PR00814,Eric,Wright,Emergency,001-560-057-7050x4330
PR00815,Jason,Bird,Oncology,+1-698-407-0736x1941
PR00816,Brittany,Maynard,General,001-583-949-5089x8841
PR00817,Samuel,Turner,General,(237)258-8277x4387
PR00818,Brooke,Jackson,General,0776563805
PR00819,Nicholas,Myers,Cardiology,001-228-460-6083x512
PR00820,Kayla,Jackson,Cardiology,338-853-6163x682
PR00821,Cynthia,Harris,Emergency,8955667562
PR00822,Dorothy,Martinez,Emergency,+1-199-309-6660
PR00823,Kenneth,Garza,Pediatrics,653.301.5113
PR00824,Brian,Graves,Cardiology,+1-318-192-7270x867
PR00825,Jeremiah,Smith,Pediatrics,(679)453-8061x921
PR00826,Kristin,Alvarez,Emergency,+1-679-859-4323x0618
PR00827,Sabrina,Butler,General,792.815.4001x41421
PR00828,Isaac,Odom,Cardiology,001-765-163-1301x844
PR00829,Claire,Ward,Emergency,079-961-8885x7432
PR00830,Lisa,Roberts,Cardiology,(022)061-9665x606
PR00831,Tammy,Bailey,General,823-164-0336
PR00832,Jerry,Decker,General,(289)338-1406x0248
PR00833,Walter,Turner,Oncology,(883)385-9233
PR00834,George,Robinson,Oncology,(256)298-8097x34249
PR00835,Mike,Garcia,Emergency,001-981-506-4984x90852
PR00836,Samantha,Harris,Oncology,110.652.5193x574
PR00837,Kimberly,Moreno,Cardiology,583.279.5708
PR00838,Maria,Wilkins,Pediatrics,(929)277-0737x08306
PR00839,Timothy,Mack,Oncology,238-236-4753
PR00840,Nicole,Johnson,Emergency,4642558362
PR00841,Samantha,Farrell,Cardiology,769-636-7985x65940
PR00842,Michelle,Garcia,General,990.447.7691
PR00843,James,Cooper,Cardiology,088-193-8190
PR00844,Charles,Mccoy,Pediatrics,(244)822-2627x805
PR00845,Michael,Nelson,Pediatrics,(550)776-7891
PR00846,Jacob,Miller,Cardiology,0657700678
PR00847,Kimberly,Baker,General,(546)349-3878x867
PR00848,Mary,Kennedy,General,085-173-0976
PR00849,Jessica,Murphy,Cardiology,001-900-212-6222x7431
PR00850,Donald,Jenkins,Cardiology,(372)274-5430
PR00851,Matthew,Bates,General,(603)623-2957x2429
PR00852,Nancy,Johnson,Emergency,+1-434-183-0588x8872
PR00853,Michael,Dudley,Emergency,853-210-1083x5862
PR00854,Austin,Monroe,Cardiology,115.532.8456
PR00855,Sherry,Hernandez,General,591.324.4793x08830
PR00856,Carl,Pitts,General,001-057-623-7948
PR00857,Cindy,Lee,Pediatrics,(441)257-0353x73370
PR00858,Regina,Lopez,Cardiology,(148)159-9792x3765
PR00859,Jennifer,Yoder,General,360.933.6466x6104
PR00860,Lauren,Rollins,General,+1-384-026-1883x5814
PR00861,Angela,Ferguson,Emergency,(174)330-8815x826
PR00862,Wendy,Contreras,Oncology,001-920-018-5755x441
PR00863,Bridget,Zamora,Emergency,001-494-715-3241x993
PR00864,Tim,Garcia,Pediatrics,(548)572-4343x971
PR00865,Penny,Jones,Cardiology,(161)503-3604x982
PR00866,Chris,Khan,Cardiology,001-837-101-7158x71442
PR00867,Aaron,Keith,Emergency,661.652.2242
PR00868,John,Brown,Emergency,+1-128-727-7274x94593
PR00869,Molly,Kelly,Emergency,+1-819-252-6722x7578
PR00870,Cheyenne,Grimes,Cardiology,(492)845-7921x645
PR00871,Hannah,Phillips,Emergency,294-796-9034x2986
PR00872,Megan,Crawford,Pediatrics,9605818030
PR00873,Adrian,Butler,General,7333303003
PR00874,Amanda,Hall,General,001-079-979-3288
PR00875,Mary,Gonzalez,Oncology,(935)553-4262x119
PR00876,Matthew,Smith,Oncology,001-422-085-5161x0742
PR00877,Nicole,Roberts,General,1419202729
PR00878,Jennifer,Rice,Emergency,538-727-8924x9551
PR00879,Elizabeth,Soto,General,001-187-545-6247x567
PR00880,Nicholas,Daugherty,Oncology,(710)195-0545x14673
PR00881,Rhonda,Le,Pediatrics,+1-671-239-0611x290
PR00882,Eric,Williams,Cardiology,(001)892-4965x371
PR00883,Karla,Price,General,730-792-3318
PR00884,Samuel,Vaughn,Pediatrics,728.528.4182
PR00885,David,Stewart,Oncology,625-256-5753x40846
PR00886,Thomas,Holloway,General,001-822-134-1416x220
PR00887,Michael,Rodriguez,Pediatrics,001-218-687-0829
PR00888,Pamela,Roberts,Emergency,691-335-7690
PR00889,Matthew,Osborne,Pediatrics,977-415-7387
PR00890,Ronald,Ho,General,(019)717-1949
PR00891,Melissa,Johnston,Emergency,691.372.2189x9735
PR00892,Marc,Fox,Pediatrics,698-368-2081
PR00893,Samantha,Baxter,Cardiology,(664)534-7154x99937
PR00894,Erik,Bennett,Oncology,442-222-6861
PR00895,Melissa,Powell,Oncology,872-974-0103x8884
PR00896,Shannon,Carter,Oncology,325-859-2231x5663
PR00897,Jessica,Cobb,Oncology,0597251701
PR00898,Wayne,Davis,Cardiology,001-504-537-1145x280
PR00899,Keith,Norman,Cardiology,+1-640-798-7428
PR00900,Melissa,Roberts,Cardiology,(621)010-2659x536
PR00901,Zachary,Hill,General,119-919-1076
PR00902,Steven,Gray,Oncology,+1-281-948-3955x12699
PR00903,Pamela,Wright,General,876.294.7686x763
PR00904,Blake,Tran,General,001-933-693-9300x2229
PR00905,Andrea,Thomas,Cardiology,+1-417-901-8078x93753
PR00906,Alexis,Smith,General,164.382.1969x084
PR00907,Rhonda,Mendoza,Emergency,486-783-2595x1468
PR00908,Julie,Jordan,Pediatrics,416-364-5031x364
PR00909,Crystal,Patterson,Oncology,518.921.3626x6658
PR00910,Willie,Brown,Oncology,001-591-344-4892x00898
PR00911,Carol,Ward,Cardiology,001-674-021-7649x481
PR00912,Jessica,Guzman,General,274.945.2722
PR00913,Yvette,Garcia,General,+1-585-282-1802x273
PR00914,Barbara,Hunter,Emergency,268-158-5380
PR00915,Anne,Reynolds,Oncology,959.932.7896x31412
PR00916,Jessica,Klein,Emergency,001-743-764-7726x33481
PR00917,Tony,Hawkins,General,001-324-769-3647x3397
PR00918,Beth,Cox,Emergency,302.410.5973x53788
PR00919,Lawrence,Lloyd,Pediatrics,+1-800-812-4017x548
PR00920,Aaron,Murphy,Pediatrics,(553)581-1689x4630
PR00921,Lance,Gray,Emergency,322.601.2638
PR00922,Shawn,Branch,Pediatrics,(650)140-6113
PR00923,Corey,Stewart,Emergency,792.004.6959x8228
PR00924,Joseph,Parker,General,+1-766-040-4172
PR00925,Christopher,Ross,General,610-315-5427x85218
PR00926,Susan,Crawford,Cardiology,001-996-872-0125
PR00927,Seth,Moore,Emergency,7999617273
PR00928,Sarah,Larson,General,+1-811-186-7136x8161
PR00929,Casey,Gonzales,Pediatrics,301-869-7222
PR00930,Scott,Franco,Emergency,981.509.7874
PR00931,David,Hernandez,Pediatrics,001-618-163-2602x091
PR00932,Mary,Christian,Cardiology,866.232.5356x771
PR00933,Melissa,Walker,General,001-244-914-0160x207
PR00934,Sheri,Sharp,General,0792778536
PR00935,Jennifer,Wilson,Emergency,728.953.1818
PR00936,Kenneth,Beck,Oncology,264-842-2811x8788
PR00937,Philip,Johnston,Emergency,(524)479-5523
PR00938,Frank,Rogers,Oncology,+1-993-325-3944
PR00939,Dawn,Townsend,Pediatrics,853-572-6396
PR00940,Lisa,Villa,Cardiology,(428)190-6137
PR00941,Alyssa,Robinson,General,001-455-237-7001
PR00942,Jeffrey,Fritz,Oncology,0005960457
PR00943,Matthew,Ford,General,+1-218-851-4729x80628
PR00944,Nathan,Raymond,Cardiology,811-246-8092x3631
PR00945,Kevin,Mays,Oncology,+1-422-979-6095x4721
PR00946,Joshua,Alexander,Pediatrics,887-906-1168x7087
PR00947,Latasha,Turner,Pediatrics,532.861.0354
PR00948,Kimberly,Sparks,Pediatrics,(295)861-6872x12946
PR00949,Juan,Dean,Pediatrics,9454871653
PR00950,Amy,Conrad,General,427-021-0387x0368
PR00951,Ariel,Roberts,Emergency,285.947.2850x1903
PR00952,Tracy,Hernandez,Oncology,906-430-7606x13538
PR00953,Lisa,Lawson,Oncology,001-645-788-0096
PR00954,Derek,Arroyo,Pediatrics,529-214-4119
PR00955,Mary,Bell,Oncology,1460046692
PR00956,Angela,Watson,Pediatrics,640.564.3005
PR00957,Scott,Beasley,Cardiology,+1-814-092-1484
PR00958,Barry,Matthews,General,967.503.3397x845
PR00959,Michael,Gonzales,Emergency,042-115-5067x38253
PR00960,Valerie,Patterson,Emergency,679.830.1731
PR00961,Thomas,Hoover,Cardiology,902.137.6708
PR00962,Heather,Stark,General,+1-600-215-9637x671
PR00963,Ryan,Benton,General,0399585815
PR00964,Donald,Martinez,Cardiology,(459)821-8398x74865
PR00965,Dean,Singleton,Pediatrics,001-589-728-8828
PR00966,Jamie,Rivera,Oncology,001-946-958-3696x8050
PR00967,Christopher,Lee,General,610.879.4397
PR00968,Amber,Frazier,Cardiology,001-821-909-4122x0837
PR00969,Katherine,Jenkins,Cardiology,656.355.8475x749
PR00970,Connie,Wagner,Oncology,824.776.4296x69070
PR00971,Michael,Wright,Emergency,756-774-4744
PR00972,Jennifer,Parks,Cardiology,(087)204-9001x608
PR00973,Oscar,Curry,Oncology,+1-453-862-7596x56749
PR00974,Alex,Knight,General,779-859-3232
PR00975,Melissa,Kim,Emergency,021-190-6659
PR00976,Benjamin,Green,Cardiology,+1-028-366-6661x6115
PR00977,Bobby,Hooper,General,594.702.6428x91814
PR00978,William,Huber,Pediatrics,+1-236-408-0279
PR00979,Phillip,Moore,Oncology,(421)978-5792
PR00980,Erik,Barrera,General,+1-006-714-8602x161
PR00981,Andrew,Jones,Oncology,480-945-6013x68864
PR00982,William,Ellis,Pediatrics,305-348-7394
PR00983,Michelle,Ellis,Pediatrics,+1-975-595-1097
PR00984,Aaron,Navarro,Oncology,615.334.7905x8888
PR00985,Mark,Gibson,General,(580)044-0325x997
PR00986,Christopher,Franklin,General,077.102.5128
PR00987,Priscilla,Mccarty,General,829.608.0027x9359
PR00988,Corey,Rodriguez,Emergency,3007950179
PR00989,Julie,Davenport,Emergency,111.325.6420
PR00990,Cameron,Johnson,Emergency,136.644.9676x0585
PR00991,Rodney,Mitchell,Cardiology,(186)998-9485x067
PR00992,Shelley,Lewis,Oncology,8827716928
PR00993,William,Cervantes,Oncology,428.730.0765x6462
PR00994,Tasha,Holland,Pediatrics,1658421727
PR00995,Juan,Hill,Emergency,601.873.3970x264
PR00996,Stacey,Hendrix,General,001-773-449-7325x8938
PR00997,Joseph,Hardy,Pediatrics,408-349-5949
PR00998,Paul,Clark,Emergency,991.794.6214
PR00999,Mark,Alexander,Emergency,149.119.7218x170
PR01000,Steven,Rodriguez,General,(382)411-4942x2888
